{
    "description": "1000 cuts as a function of the imbalance parameter. Other parameters are fixed to k=2, mode=2. Content contains costs (min, max, average and median), LCC metric values (min, max, average and median) and cut times for 1000 cuts (in s).",
    "content": {
        "0.01": {
            "time": 254.6,
            "cost": {
                "min": 115,
                "max": 254,
                "average": 128.756,
                "median": 125.0
            },
            "LCC metric": {
                "min": 0.494175888177053,
                "max": 0.5082508250825083,
                "average": 0.5045589205979414,
                "median": 0.5045622209279752
            }
        },
        "0.02": {
            "time": 284.6,
            "cost": {
                "min": 113,
                "max": 220,
                "average": 121.046,
                "median": 119.0
            },
            "LCC metric": {
                "min": 0.48650747427683944,
                "max": 0.5132983886623956,
                "average": 0.508166569598137,
                "median": 0.5093185789167152
            }
        },
        "0.03": {
            "time": 325.9,
            "cost": {
                "min": 112,
                "max": 147,
                "average": 118.614,
                "median": 115.0
            },
            "LCC metric": {
                "min": 0.49990293146961756,
                "max": 0.5183459522422831,
                "average": 0.5113978839060385,
                "median": 0.5123277033585711
            }
        },
        "0.04": {
            "time": 381.8,
            "cost": {
                "min": 110,
                "max": 149,
                "average": 116.459,
                "median": 114.0
            },
            "LCC metric": {
                "min": 0.5001941370607649,
                "max": 0.5233935158221704,
                "average": 0.5176586099786454,
                "median": 0.51941370607649
            }
        },
        "0.05": {
            "time": 424.8,
            "cost": {
                "min": 109,
                "max": 142,
                "average": 112.438,
                "median": 109.0
            },
            "LCC metric": {
                "min": 0.5000970685303825,
                "max": 0.5284410794020579,
                "average": 0.5249526305571743,
                "median": 0.5257231605513493
            }
        },
        "0.06": {
            "time": 458.8,
            "cost": {
                "min": 109,
                "max": 141,
                "average": 110.31,
                "median": 109.0
            },
            "LCC metric": {
                "min": 0.5000970685303825,
                "max": 0.5334886429819452,
                "average": 0.5264848573092621,
                "median": 0.5257231605513493
            }
        },
        "0.07": {
            "time": 464.3,
            "cost": {
                "min": 109,
                "max": 141,
                "average": 110.009,
                "median": 109.0
            },
            "LCC metric": {
                "min": 0.5000970685303825,
                "max": 0.5385362065618327,
                "average": 0.5266984080761042,
                "median": 0.5257231605513493
            }
        },
        "0.08": {
            "time": 503.0,
            "cost": {
                "min": 109,
                "max": 142,
                "average": 109.356,
                "median": 109.0
            },
            "LCC metric": {
                "min": 0.501067753834207,
                "max": 0.5434867016113376,
                "average": 0.5271228887594664,
                "median": 0.5257231605513493
            }
        },
        "0.09": {
            "time": 501.1,
            "cost": {
                "min": 109,
                "max": 136,
                "average": 109.259,
                "median": 109.0
            },
            "LCC metric": {
                "min": 0.5035915356241506,
                "max": 0.5473694428266356,
                "average": 0.5272811104639901,
                "median": 0.5257231605513493
            }
        },
        "0.1": {
            "time": 530.4,
            "cost": {
                "min": 109,
                "max": 134,
                "average": 109.359,
                "median": 109.0
            },
            "LCC metric": {
                "min": 0.5257231605513493,
                "max": 0.5527082119976704,
                "average": 0.5285166957872276,
                "median": 0.5258202290817316
            }
        },
        "0.13": {
            "time": 281.4,
            "cost": {
                "min": 109,
                "max": 153,
                "average": 116.08,
                "median": 115.0
            },
            "LCC metric": {
                "min": 0.5021355076684139,
                "max": 0.5687245195107746,
                "average": 0.5347572316055131,
                "median": 0.5328091632692681
            }
        },
        "0.16": {
            "time": 278.7,
            "cost": {
                "min": 109,
                "max": 146,
                "average": 116.575,
                "median": 115.0
            },
            "LCC metric": {
                "min": 0.5000970685303825,
                "max": 0.5837701417200544,
                "average": 0.5381204620462039,
                "median": 0.5331003688604155
            }
        },
        "0.19": {
            "time": 268.0,
            "cost": {
                "min": 109,
                "max": 151,
                "average": 116.3,
                "median": 115.0
            },
            "LCC metric": {
                "min": 0.5000970685303825,
                "max": 0.5989128324597166,
                "average": 0.5418973985633857,
                "median": 0.5332459716559892
            }
        },
        "0.22": {
            "time": 270.3,
            "cost": {
                "min": 109,
                "max": 139,
                "average": 116.241,
                "median": 115.0
            },
            "LCC metric": {
                "min": 0.5005824111822947,
                "max": 0.6138613861386139,
                "average": 0.5519328285769749,
                "median": 0.5358668219763153
            }
        },
        "0.25": {
            "time": 306.0,
            "cost": {
                "min": 109,
                "max": 140,
                "average": 116.37,
                "median": 115.0
            },
            "LCC metric": {
                "min": 0.5000970685303825,
                "max": 0.6291011454086585,
                "average": 0.5553503203261501,
                "median": 0.5389730149485537
            }
        },
        "0.28": {
            "time": 317.0,
            "cost": {
                "min": 109,
                "max": 140,
                "average": 116.427,
                "median": 115.0
            },
            "LCC metric": {
                "min": 0.5021355076684139,
                "max": 0.6442438361483207,
                "average": 0.5606828771112401,
                "median": 0.5422248107163657
            }
        },
        "0.3": {
            "time": 332.5,
            "cost": {
                "min": 109,
                "max": 147,
                "average": 116.522,
                "median": 116.0
            },
            "LCC metric": {
                "min": 0.5013589594253542,
                "max": 0.6542418947777131,
                "average": 0.5662911085226172,
                "median": 0.5494564162298583
            }
        }
    }
}