{
    "description": "LCC size after removing all edges from a cut, for 1000 cuts as a function of the imbalance parameter. Other parameters are fixed to k=2, mode=2. Content contains the minimum, maximum, average and median LCC size among the 1000 ones for a given imbalance value.",
    "content": {
        "0.01": {
            "min": 0.494175888177053,
            "max": 0.5082508250825083,
            "average": 0.5045589205979414,
            "median": 0.5045622209279752
        },
        "0.02": {
            "min": 0.48650747427683944,
            "max": 0.5132983886623956,
            "average": 0.508166569598137,
            "median": 0.5093185789167152
        },
        "0.03": {
            "min": 0.49990293146961756,
            "max": 0.5183459522422831,
            "average": 0.5113978839060385,
            "median": 0.5123277033585711
        },
        "0.04": {
            "min": 0.5001941370607649,
            "max": 0.5233935158221704,
            "average": 0.5176586099786454,
            "median": 0.51941370607649
        },
        "0.05": {
            "min": 0.5000970685303825,
            "max": 0.5284410794020579,
            "average": 0.5249526305571743,
            "median": 0.5257231605513493
        },
        "0.06": {
            "min": 0.5000970685303825,
            "max": 0.5334886429819452,
            "average": 0.5264848573092621,
            "median": 0.5257231605513493
        },
        "0.07": {
            "min": 0.5000970685303825,
            "max": 0.5385362065618327,
            "average": 0.5266984080761042,
            "median": 0.5257231605513493
        },
        "0.08": {
            "min": 0.501067753834207,
            "max": 0.5434867016113376,
            "average": 0.5271228887594664,
            "median": 0.5257231605513493
        },
        "0.09": {
            "min": 0.5035915356241506,
            "max": 0.5473694428266356,
            "average": 0.5272811104639901,
            "median": 0.5257231605513493
        },
        "0.1": {
            "min": 0.5257231605513493,
            "max": 0.5527082119976704,
            "average": 0.5285166957872276,
            "median": 0.5258202290817316
        },
        "0.13": {
            "min": 0.5021355076684139,
            "max": 0.5687245195107746,
            "average": 0.5347572316055131,
            "median": 0.5328091632692681
        },
        "0.16": {
            "min": 0.5000970685303825,
            "max": 0.5837701417200544,
            "average": 0.5381204620462039,
            "median": 0.5331003688604155
        },
        "0.19": {
            "min": 0.5000970685303825,
            "max": 0.5989128324597166,
            "average": 0.5418973985633857,
            "median": 0.5332459716559892
        },
        "0.22": {
            "min": 0.5005824111822947,
            "max": 0.6138613861386139,
            "average": 0.5519328285769749,
            "median": 0.5358668219763153
        },
        "0.25": {
            "min": 0.5000970685303825,
            "max": 0.6291011454086585,
            "average": 0.5553503203261501,
            "median": 0.5389730149485537
        },
        "0.28": {
            "min": 0.5021355076684139,
            "max": 0.6442438361483207,
            "average": 0.5606828771112401,
            "median": 0.5422248107163657
        },
        "0.3": {
            "min": 0.5013589594253542,
            "max": 0.6542418947777131,
            "average": 0.5662911085226172,
            "median": 0.5494564162298583
        }
    }
}